Genome,In(2L)t,In(2R)NS,In(3L)Ok,In(3R)K
ZI10,F,T,F,F
ZI103,F,F,F,T
ZI104,F,F,F,F
ZI114N,T,F,T,F
ZI117,T,F,F,F
ZI118N,T,F,F,F
ZI126,F,F,F,F
ZI129,F,F,T,F
ZI134N,F,F,F,F
ZI136,T,T,T,F
ZI138,F,F,F,F
ZI152,F,F,F,F
ZI157,F,F,F,F
ZI161,T,F,T,F
ZI164,F,F,F,F
ZI165,F,F,T,F
ZI167,F,F,F,F
ZI170,F,F,F,F
ZI172,F,F,F,F
ZI173,F,F,T,F
ZI176,F,F,F,F
ZI177,F,F,F,T
ZI178,F,F,T,F
ZI179,F,T,F,F
ZI181,F,F,F,F
ZI182,F,T,T,F
ZI184,F,F,F,F
ZI185,F,F,F,F
ZI188,F,F,F,T
ZI190,F,F,F,T
ZI191,F,F,F,F
ZI193,F,F,F,F
ZI194,F,F,T,F
ZI196,F,F,F,F
ZI197N,F,F,F,T
ZI198,T,F,F,F
ZI199,F,F,F,T
ZI200,F,F,F,F
ZI202,F,F,F,T
ZI206,T,F,F,F
ZI207,F,F,F,F
ZI210,F,F,T,F
ZI211,F,F,F,F
ZI212,F,F,F,F
ZI213,F,F,T,F
ZI214,F,F,F,T
ZI216N,F,T,F,F
ZI218,F,F,F,T
ZI219,F,F,T,F
ZI220,F,F,F,F
ZI221,F,F,F,F
ZI225,F,F,F,F
ZI226,F,T,F,F
ZI227,T,F,F,T
ZI228,F,F,F,F
ZI230,F,F,F,T
ZI231,F,F,T,F
ZI232,T,T,F,F
ZI233,F,F,F,F
ZI235,T,T,F,F
ZI237,F,F,F,F
ZI239,F,F,T,F
ZI240,T,F,F,F
ZI241,F,F,F,T
ZI250,F,F,F,F
ZI252,F,F,F,F
ZI253,T,F,F,F
ZI251N,F,F,F,F
ZI254N,F,F,F,F
ZI255,F,T,F,F
ZI26,F,F,T,F
ZI261,F,F,F,F
ZI263,T,F,F,F
ZI264,F,F,F,F
ZI265,F,F,F,F
ZI267,F,F,F,T
ZI268,F,F,F,F
ZI269,T,T,F,F
ZI27,T,T,F,F
ZI271,F,F,F,F
ZI273N,F,F,F,T
ZI276,T,T,F,F
ZI279,F,F,F,F
ZI28,F,F,F,F
ZI281,F,F,T,F
ZI284,T,F,F,T
ZI286,F,F,F,F
ZI291,F,F,F,F
ZI292,F,F,T,F
ZI293,F,F,T,F
ZI295,F,T,F,F
ZI296,F,F,F,T
ZI303,F,F,T,F
ZI311N,F,F,F,F
ZI313,T,F,F,F
ZI314,F,F,T,F
ZI316,T,F,F,F
ZI317,F,F,F,T
ZI319,F,F,F,F
ZI31N,F,F,F,F
ZI320,F,F,F,F
ZI321,T,T,F,F
ZI324,F,F,F,F
ZI329,F,F,F,F
ZI33,F,F,F,F
ZI332,F,F,F,F
ZI333,F,F,F,T
ZI335,F,F,F,F
ZI336,F,F,F,F
ZI339,T,F,T,F
ZI341,F,F,T,F
ZI342,T,F,F,F
ZI344,F,F,F,F
ZI348,F,F,F,F
ZI351,F,T,F,T
ZI352,T,F,F,T
ZI353,F,F,F,T
ZI357N,T,T,T,F
ZI358,F,F,T,F
ZI359,F,F,F,F
ZI362,F,F,F,F
ZI364,F,T,T,F
ZI365,F,F,T,F
ZI368,F,F,F,T
ZI370,F,F,F,F
ZI373,F,F,F,F
ZI374,T,F,F,F
ZI377,F,F,F,F
ZI378,F,F,F,F
ZI379,F,F,F,T
ZI380,F,F,F,T
ZI381,F,F,F,T
ZI382,F,F,F,T
ZI384,F,F,T,F
ZI386,F,F,F,F
ZI388,F,F,T,F
ZI392,F,F,F,F
ZI394N,T,F,F,F
ZI395,T,F,F,F
ZI396,T,F,F,T
ZI397N,T,F,F,F
ZI398,F,F,F,F
ZI400,F,F,F,T
ZI402,F,F,F,F
ZI405,T,F,F,F
ZI413,F,F,F,F
ZI418N,F,F,F,F
ZI420,F,F,F,F
ZI421,F,F,F,F
ZI429,F,F,F,T
ZI431,F,F,F,F
ZI433,F,F,F,F
ZI437,F,F,F,T
ZI443,F,F,F,T
ZI444,T,F,F,F
ZI445,T,F,F,F
ZI446,T,F,F,F
ZI447,F,F,F,F
ZI448,F,T,T,F
ZI453,F,F,F,F
ZI455N,F,F,F,F
ZI456,T,F,F,F
ZI457,F,F,F,F
ZI458,F,F,T,F
ZI460,F,F,T,F
ZI466,F,T,T,F
ZI467,T,T,F,F
ZI468,F,F,F,F
ZI471,F,F,T,F
ZI472,F,F,F,F
ZI476,F,F,F,T
ZI477,F,F,F,F
ZI486,T,F,T,F
ZI488,T,F,F,F
ZI490,F,F,F,F
ZI491,F,F,F,F
ZI504,F,F,F,F
ZI505,T,F,F,F
ZI508,F,F,F,F
ZI50N,F,F,F,F
ZI514N,F,F,F,F
ZI517,F,F,F,F
ZI523,F,F,F,T
ZI524,T,T,F,F
ZI527,T,T,F,F
ZI530,T,T,T,F
ZI56,F,T,F,F
ZI59,F,F,F,T
ZI61,T,F,F,F
ZI68,F,F,F,F
ZI76,T,F,F,F
ZI81,T,F,F,F
ZI85,F,F,F,F