Replicate,Age Stage,Chrom,Inversion,Amplicon Name,Start,End,Library ID#,DNA Tube #,Sequencing Name,UDI#,i5,i7 RC,Sample Size,Concentration (nmol/L),Paired Read File 1,Paired Read File 2
192,Parental ♂,2L,t,2Lt_0_Tengl2,2238742,2238967,81,2.dil,192par2L,1, GATTCACGAC,TAACTTGGTC,298,130.2,192par2L_S89_L002_R1_001.fastq.gz,192par2L_S89_L002_R2_001.fastq.gz
192,Parental ♂,2R,NS,2RNS_0_Stacl,11352014,11352305,82,2.dil,192par2R,3, ACCTAAGAGC,CGACCTTAAT,298,139.6,192par2R_S90_L002_R1_001.fastq.gz,192par2R_S90_L002_R2_001.fastq.gz
192,Parental ♂,3L,Ok,3LOk_0_CG9004,2375229,2375544,83,2.dil,192par3L,4, ATGGCTTCTA,ATGTTGCCAC,298,93,192par3L_S91_L002_R1_001.fastq.gz,192par3L_S91_L002_R2_001.fastq.gz
192,Parental ♂,3R,K,3RK_0_CG17360,7609417,7609723,84,2.dil,192par3R,6, CCTTACCTAT,TCTAGCTGCG,298,40.5,192par3R_S92_L002_R1_001.fastq.gz,192par3R_S92_L002_R2_001.fastq.gz
251,Parental ♂,2L,t,2Lt_0_Tengl2,2238742,2238967,5,2,251par2L,7, ATATAAGGCG,AGATTAGCGT,501,102.5,251par2L_S148_L001_R1_001.fastq.gz,251par2L_S148_L001_R2_001.fastq.gz
251,Parental ♂,2R,NS,2RNS_0_Stacl,11352014,11352305,6,2,251par2R,8, AGCATCGTGC,AGGTAACAAC,501,27.3,251par2R_S149_L001_R1_001.fastq.gz,251par2R_S149_L001_R2_001.fastq.gz
251,Parental ♂,3L,Ok,3LOk_0_CG9004,2375229,2375544,7,2,251par3L,9, CTGGCATATT,CGCACTTCGT,501,31.4,251par3L_S150_L001_R1_001.fastq.gz,251par3L_S150_L001_R2_001.fastq.gz
251,Parental ♂,3R,K,3RK_0_CG17360,7609417,7609723,8,2,251par3R,10, CGTGACTCTA,CTTGCTATTC,501,40.4,251par3R_S151_L001_R1_001.fastq.gz,251par3R_S151_L001_R2_001.fastq.gz
254,Parental ♂,2L,t,2Lt_0_Tengl2,2238742,2238967,9,2,254par2L,11, GACCTGTTAA,TCTCACCAGG,561,281.1,254par2L_S162_L001_R1_001.fastq.gz,254par2L_S162_L001_R2_001.fastq.gz
254,Parental ♂,2R,NS,2RNS_0_Stacl,11352014,11352305,10,2,254par2R,12, TGGCTCATGT,TTCCTCACGT,561,237.5,254par2R_S163_L001_R1_001.fastq.gz,254par2R_S163_L001_R2_001.fastq.gz
254,Parental ♂,3L,Ok,3LOk_0_CG9004,2375229,2375544,11,2,254par3L,14, CCTACGGACA,TCCAACTGAA,561,223.6,254par3L_S164_L001_R1_001.fastq.gz,254par3L_S164_L001_R2_001.fastq.gz
254,Parental ♂,3R,K,3RK_0_CG17360,7609417,7609723,12,2,254par3R,15, AGGCATAATG,GAACCGCATT,561,235.3,254par3R_S165_L001_R1_001.fastq.gz,254par3R_S165_L001_R2_001.fastq.gz
418,Parental ♂,2L,t,2Lt_0_Tengl2,2238742,2238967,13,2,418par2L,18, TGTCGTTAAG,TTACGCGCAT,422,203.1,418par2L_S175_L001_R1_001.fastq.gz,418par2L_S175_L001_R2_001.fastq.gz
418,Parental ♂,2R,NS,2RNS_0_Stacl,11352014,11352305,14,2,418par2R,19, ACATTACTCG,TCGCGACACT,422,271.7,418par2R_S176_L001_R1_001.fastq.gz,418par2R_S176_L001_R2_001.fastq.gz
418,Parental ♂,3L,Ok,3LOk_0_CG9004,2375229,2375544,15,2,418par3L,20, CATACCGCTG,TGGAGATCGA,422,269.2,418par3L_S177_L001_R1_001.fastq.gz,418par3L_S177_L001_R2_001.fastq.gz
418,Parental ♂,3R,K,3RK_0_CG17360,7609417,7609723,16,2,418par3R,22, CTTCAATAGC,CCACAGCCTT,422,225.1,418par3R_S178_L001_R1_001.fastq.gz,418par3R_S178_L001_R2_001.fastq.gz
192,Embryo,2L,t,2Lt_0_Tengl2,2238742,2238967,113,3.dil,192emb2L,7, ATATAAGGCG,AGATTAGCGT,1514,92.3,192emb2L_S80_L002_R1_001.fastq.gz,192emb2L_S80_L002_R2_001.fastq.gz
192,Embryo,2R,NS,2RNS_0_Stacl,11352014,11352305,114,3.dil,192emb2R,8, AGCATCGTGC,AGGTAACAAC,1514,139,192emb2R_S81_L002_R1_001.fastq.gz,192emb2R_S81_L002_R2_001.fastq.gz
192,Embryo,3L,Ok,3LOk_0_CG9004,2375229,2375544,115,3.dil,192emb3L,9, CTGGCATATT,CGCACTTCGT,1514,201,192emb3L_S82_L002_R1_001.fastq.gz,192emb3L_S82_L002_R2_001.fastq.gz
192,Embryo,3R,K,3RK_0_CG17360,7609417,7609723,116,3.dil,192emb3R,10, CGTGACTCTA,CTTGCTATTC,1514,49.8,192emb3R_S83_L002_R1_001.fastq.gz,192emb3R_S83_L002_R2_001.fastq.gz
251,Embryo,2L,t,2Lt_0_Tengl2,2238742,2238967,117,3.dil,251emb2L,121, TAGAGAGTAC,ACGGTCGCAT,5508,128.6,251emb2L_S96_L002_R1_001.fastq.gz,251emb2L_S96_L002_R2_001.fastq.gz
251,Embryo,2R,NS,2RNS_0_Stacl,11352014,11352305,118,3.dil,251emb2R,122, TCTCGGAGTT,TTACACACGG,5508,120.8,251emb2R_S97_L002_R1_001.fastq.gz,251emb2R_S97_L002_R2_001.fastq.gz
251,Embryo,3L,Ok,3LOk_0_CG9004,2375229,2375544,119,3.dil,251emb3L,123, CCGCGATTAG,CGAGATTAGA,5508,86.5,251emb3L_S98_L002_R1_001.fastq.gz,251emb3L_S98_L002_R2_001.fastq.gz
254,Embryo,2L,t,2Lt_0_Tengl2,2238742,2238967,129,2.dil,254emb2L,127, CCGATATGTC,ACAGAGGCGT,4709,103.4,254emb2L_S102_L002_R1_001.fastq.gz,254emb2L_S102_L002_R2_001.fastq.gz
254,Embryo,2R,NS,2RNS_0_Stacl,11352014,11352305,130,2.dil,254emb2R,130, GATCAAGCCA,GTGAAGACAC,4709,83.3,254emb2R_S103_L002_R1_001.fastq.gz,254emb2R_S103_L002_R2_001.fastq.gz
254,Embryo,3L,Ok,3LOk_0_CG9004,2375229,2375544,131,2.dil,254emb3L,133, CGACTCACTA,CCTATGTGTA,4709,39.7,254emb3L_S104_L002_R1_001.fastq.gz,254emb3L_S104_L002_R2_001.fastq.gz
254,Embryo,3R,K,3RK_0_CG17360,7609417,7609723,132,2.dil,254emb3R,134, TTCCGTCCAA,CAACGTTGAC,4709,17.5,254emb3R_S105_L002_R1_001.fastq.gz,254emb3R_S105_L002_R2_001.fastq.gz
418,Embryo,2L,t,2Lt_0_Tengl2,2238742,2238967,125,3.dil,418emb2L,135, ATCTCTGGTA,TGACATAGGT,1253,127.8,418emb2L_S112_L002_R1_001.fastq.gz,418emb2L_S112_L002_R2_001.fastq.gz
418,Embryo,2R,NS,2RNS_0_Stacl,11352014,11352305,133,2.dil,418emb2R,136, CCTAACTCAT,TTACACCAAC,1253,57.4,418emb2R_S113_L002_R1_001.fastq.gz,418emb2R_S113_L002_R2_001.fastq.gz
418,Embryo,3L,Ok,3LOk_0_CG9004,2375229,2375544,127,3.dil,418emb3L,138, AACTAGGTCA,GCAACATCAA,1253,47.7,418emb3L_S114_L002_R1_001.fastq.gz,418emb3L_S114_L002_R2_001.fastq.gz
418,Embryo,3R,K,3RK_0_CG17360,7609417,7609723,128,3.dil,418emb3R,11, GACCTGTTAA,TCTCACCAGG,1253,10.6,418emb3R_S115_L002_R1_001.fastq.gz,418emb3R_S115_L002_R2_001.fastq.gz
418,Embryo,2L,t,2Lt_0_Tengl2,2238742,2238967,c43,3,418emb2L.1a,60, AGACGGTCAA,CGCACTGGTA,1253,173,418emb2L-1_S111_L001_R1_001.fastq.gz,418emb2L-1_S111_L001_R2_001.fastq.gz
418,Embryo,2L,t,2Lt_0_Tengl2,2238742,2238967,c43,3,418emb2L.1b,60, AGACGGTCAA,CGCACTGGTA,1253,173,418emb2L-1_S121_L001_R1_001.fastq.gz,418emb2L-1_S121_L001_R2_001.fastq.gz
418,Embryo,2L,t,2Lt_0_Tengl2,2238742,2238967,c44,3,418emb2L.2a,62, ATACATCGCA,GCCACCTAGT,1253,147.6,418emb2L-2_S112_L001_R1_001.fastq.gz,418emb2L-2_S112_L001_R2_001.fastq.gz
418,Embryo,2L,t,2Lt_0_Tengl2,2238742,2238967,c44,3,418emb2L.2b,62, ATACATCGCA,GCCACCTAGT,1253,147.6,418emb2L-2_S122_L001_R1_001.fastq.gz,418emb2L-2_S122_L001_R2_001.fastq.gz
418,Embryo,2L,t,2Lt_0_Tengl2,2238742,2238967,c57,3,418emb2L.3a,79, GCGAGTATCA,CCGAACAGAG,1253,192,418emb2L-3_S124_L001_R1_001.fastq.gz,418emb2L-3_S124_L001_R2_001.fastq.gz
418,Embryo,2L,t,2Lt_0_Tengl2,2238742,2238967,c57,3,418emb2L.3b,79, GCGAGTATCA,CCGAACAGAG,1253,192,418emb2L-3_S134_L001_R1_001.fastq.gz,418emb2L-3_S134_L001_R2_001.fastq.gz
418,Embryo,2L,t,2Lt_0_Tengl2,2238742,2238967,c58,3,418emb2L.4a,80, CTCTCGATAA,AGAACTAACG,1253,186.5,418emb2L-4_S125_L001_R1_001.fastq.gz,418emb2L-4_S125_L001_R2_001.fastq.gz
418,Embryo,2L,t,2Lt_0_Tengl2,2238742,2238967,c58,3,418emb2L.4b,80, CTCTCGATAA,AGAACTAACG,1253,186.5,418emb2L-4_S135_L001_R1_001.fastq.gz,418emb2L-4_S135_L001_R2_001.fastq.gz
418,Embryo,2L,t,2Lt_0_Tengl2,2238742,2238967,c59,3,418emb2L.5a,81, AATACTGGCA,GAGCAGCTTG,1253,330.9,418emb2L-5_S126_L001_R1_001.fastq.gz,418emb2L-5_S126_L001_R2_001.fastq.gz
418,Embryo,2L,t,2Lt_0_Tengl2,2238742,2238967,c59,3,418emb2L.5b,81, AATACTGGCA,GAGCAGCTTG,1253,330.9,418emb2L-5_S136_L001_R1_001.fastq.gz,418emb2L-5_S136_L001_R2_001.fastq.gz
418,Embryo,2L,t,2Lt_0_Tengl2,2238742,2238967,c60,3,418emb2L.6a,82, TATGCAACTC,CCGATAGTAG,1253,286.5,418emb2L-6_S127_L001_R1_001.fastq.gz,418emb2L-6_S127_L001_R2_001.fastq.gz
418,Embryo,2L,t,2Lt_0_Tengl2,2238742,2238967,c60,3,418emb2L.6b,82, TATGCAACTC,CCGATAGTAG,1253,286.5,418emb2L-6_S137_L001_R1_001.fastq.gz,418emb2L-6_S137_L001_R2_001.fastq.gz
418,Embryo,2R,NS,2RNS_0_Stacl,11352014,11352305,c45,3,418emb2R.1a,63, TGCTGAACGC,CTCCGCCATA,1253,216.8,418emb2R-1_S113_L001_R1_001.fastq.gz,418emb2R-1_S113_L001_R2_001.fastq.gz
418,Embryo,2R,NS,2RNS_0_Stacl,11352014,11352305,c45,3,418emb2R.1b,63, TGCTGAACGC,CTCCGCCATA,1253,216.8,418emb2R-1_S123_L001_R1_001.fastq.gz,418emb2R-1_S123_L001_R2_001.fastq.gz
418,Embryo,2R,NS,2RNS_0_Stacl,11352014,11352305,c46,3,418emb2R.2a,64, CTTCCTAGGC,TGACACGATT,1253,152.4,418emb2R-2_S114_L001_R1_001.fastq.gz,418emb2R-2_S114_L001_R2_001.fastq.gz
418,Embryo,2R,NS,2RNS_0_Stacl,11352014,11352305,c46,3,418emb2R.2b,64, CTTCCTAGGC,TGACACGATT,1253,152.4,418emb2R-2_S124_L001_R1_001.fastq.gz,418emb2R-2_S124_L001_R2_001.fastq.gz
418,Embryo,2R,NS,2RNS_0_Stacl,11352014,11352305,c47,3,418emb2R.3a,65, CGTTGGTAAC,GTGCTCTAGG,1253,139.7,418emb2R-3_S115_L001_R1_001.fastq.gz,418emb2R-3_S115_L001_R2_001.fastq.gz
418,Embryo,2R,NS,2RNS_0_Stacl,11352014,11352305,c47,3,418emb2R.3b,65, CGTTGGTAAC,GTGCTCTAGG,1253,139.7,418emb2R-3_S125_L001_R1_001.fastq.gz,418emb2R-3_S125_L001_R2_001.fastq.gz
418,Embryo,2R,NS,2RNS_0_Stacl,11352014,11352305,c48,3,418emb2R.4a,68, CTTCTCCAGC,CACTTACGGC,1253,101.2,418emb2R-4_S116_L001_R1_001.fastq.gz,418emb2R-4_S116_L001_R2_001.fastq.gz
418,Embryo,2R,NS,2RNS_0_Stacl,11352014,11352305,c48,3,418emb2R.4b,68, CTTCTCCAGC,CACTTACGGC,1253,101.2,418emb2R-4_S126_L001_R1_001.fastq.gz,418emb2R-4_S126_L001_R2_001.fastq.gz
418,Embryo,2R,NS,2RNS_0_Stacl,11352014,11352305,c61,3,418emb2R.5a,83, ATGCTAGTGT,GTGTCTACAG,1253,223.9,418emb2R-5_S128_L001_R1_001.fastq.gz,418emb2R-5_S128_L001_R2_001.fastq.gz
418,Embryo,2R,NS,2RNS_0_Stacl,11352014,11352305,c61,3,418emb2R.5b,83, ATGCTAGTGT,GTGTCTACAG,1253,223.9,418emb2R-5_S138_L001_R1_001.fastq.gz,418emb2R-5_S138_L001_R2_001.fastq.gz
418,Embryo,2R,NS,2RNS_0_Stacl,11352014,11352305,c62,3,418emb2R.6a,84, CCATTAGAAC,GTACAGACCG,1253,133.3,418emb2R-6_S129_L001_R1_001.fastq.gz,418emb2R-6_S129_L001_R2_001.fastq.gz
418,Embryo,2R,NS,2RNS_0_Stacl,11352014,11352305,c62,3,418emb2R.6b,84, CCATTAGAAC,GTACAGACCG,1253,133.3,418emb2R-6_S139_L001_R1_001.fastq.gz,418emb2R-6_S139_L001_R2_001.fastq.gz
418,Embryo,3L,Ok,3LOk_0_CG9004,2375229,2375544,c49,3,418emb3L.1a,69, CGTACACTGG,TCAGCATCTA,1253,114,418emb3L-1_S117_L001_R1_001.fastq.gz,418emb3L-1_S117_L001_R2_001.fastq.gz
418,Embryo,3L,Ok,3LOk_0_CG9004,2375229,2375544,c49,3,418emb3L.1b,69, CGTACACTGG,TCAGCATCTA,1253,114,418emb3L-1_S127_L001_R1_001.fastq.gz,418emb3L-1_S127_L001_R2_001.fastq.gz
418,Embryo,3L,Ok,3LOk_0_CG9004,2375229,2375544,c50,3,418emb3L.2a,70, TCGCATCAAC,GTTGCATCAA,1253,325.2,418emb3L-2_S118_L001_R1_001.fastq.gz,418emb3L-2_S118_L001_R2_001.fastq.gz
418,Embryo,3L,Ok,3LOk_0_CG9004,2375229,2375544,c50,3,418emb3L.2b,70, TCGCATCAAC,GTTGCATCAA,1253,325.2,418emb3L-2_S128_L001_R1_001.fastq.gz,418emb3L-2_S128_L001_R2_001.fastq.gz
418,Embryo,3L,Ok,3LOk_0_CG9004,2375229,2375544,c51,3,418emb3L.3a,71, ATAACAAGCG,ATGACAGCAC,1253,59.9,418emb3L-3_S119_L001_R1_001.fastq.gz,418emb3L-3_S119_L001_R2_001.fastq.gz
418,Embryo,3L,Ok,3LOk_0_CG9004,2375229,2375544,c51,3,418emb3L.3b,71, ATAACAAGCG,ATGACAGCAC,1253,59.9,418emb3L-3_S129_L001_R1_001.fastq.gz,418emb3L-3_S129_L001_R2_001.fastq.gz
418,Embryo,3L,Ok,3LOk_0_CG9004,2375229,2375544,c52,3,418emb3L.4a,72, TGAACGTTAC,TAGCGACGGA,1253,254,418emb3L-4_S120_L001_R1_001.fastq.gz,418emb3L-4_S120_L001_R2_001.fastq.gz
418,Embryo,3L,Ok,3LOk_0_CG9004,2375229,2375544,c52,3,418emb3L.4b,72, TGAACGTTAC,TAGCGACGGA,1253,254,418emb3L-4_S130_L001_R1_001.fastq.gz,418emb3L-4_S130_L001_R2_001.fastq.gz
418,Embryo,3L,Ok,3LOk_0_CG9004,2375229,2375544,c63,3,418emb3L.5a,85, AACGTGAACG,GCCAACAGAC,1253,91.1,418emb3L-5_S130_L001_R1_001.fastq.gz,418emb3L-5_S130_L001_R2_001.fastq.gz
418,Embryo,3L,Ok,3LOk_0_CG9004,2375229,2375544,c63,3,418emb3L.5b,85, AACGTGAACG,GCCAACAGAC,1253,91.1,418emb3L-5_S140_L001_R1_001.fastq.gz,418emb3L-5_S140_L001_R2_001.fastq.gz
418,Embryo,3L,Ok,3LOk_0_CG9004,2375229,2375544,c64,3,418emb3L.6a,88, GTGCCTCTGA,TATGCGTAGC,1253,61.7,418emb3L-6_S131_L001_R1_001.fastq.gz,418emb3L-6_S131_L001_R2_001.fastq.gz
418,Embryo,3L,Ok,3LOk_0_CG9004,2375229,2375544,c64,3,418emb3L.6b,88, GTGCCTCTGA,TATGCGTAGC,1253,61.7,418emb3L-6_S141_L001_R1_001.fastq.gz,418emb3L-6_S141_L001_R2_001.fastq.gz
418,Embryo,3R,K,3RK_0_CG17360,7609417,7609723,c53,3,418emb3R.1a,73, GAAGACTCGG,GTATGCCACA,1253,441.1,418emb3R-1_S121_L001_R1_001.fastq.gz,418emb3R-1_S121_L001_R2_001.fastq.gz
418,Embryo,3R,K,3RK_0_CG17360,7609417,7609723,c53,3,418emb3R.1b,73, GAAGACTCGG,GTATGCCACA,1253,441.1,418emb3R-1_S131_L001_R1_001.fastq.gz,418emb3R-1_S131_L001_R2_001.fastq.gz
418,Embryo,3R,K,3RK_0_CG17360,7609417,7609723,c55,3,418emb3R.2a,75, TTAGACCACA,AACGAAGATC,1253,192.7,418emb3R-2_S122_L001_R1_001.fastq.gz,418emb3R-2_S122_L001_R2_001.fastq.gz
418,Embryo,3R,K,3RK_0_CG17360,7609417,7609723,c55,3,418emb3R.2b,75, TTAGACCACA,AACGAAGATC,1253,192.7,418emb3R-2_S132_L001_R1_001.fastq.gz,418emb3R-2_S132_L001_R2_001.fastq.gz
418,Embryo,3R,K,3RK_0_CG17360,7609417,7609723,c56,3,418emb3R.3a,76, CGTAGACGTG,CCTCCTGTGA,1253,242.4,418emb3R-3_S123_L001_R1_001.fastq.gz,418emb3R-3_S123_L001_R2_001.fastq.gz
418,Embryo,3R,K,3RK_0_CG17360,7609417,7609723,c56,3,418emb3R.3b,76, CGTAGACGTG,CCTCCTGTGA,1253,242.4,418emb3R-3_S133_L001_R1_001.fastq.gz,418emb3R-3_S133_L001_R2_001.fastq.gz
418,Embryo,3R,K,3RK_0_CG17360,7609417,7609723,c65,3,418emb3R.4a,89, TAGCCTAGCG,CCAGTCGTCA,1253,57.6,418emb3R-4_S132_L001_R1_001.fastq.gz,418emb3R-4_S132_L001_R2_001.fastq.gz
418,Embryo,3R,K,3RK_0_CG17360,7609417,7609723,c65,3,418emb3R.4b,89, TAGCCTAGCG,CCAGTCGTCA,1253,57.6,418emb3R-4_S142_L001_R1_001.fastq.gz,418emb3R-4_S142_L001_R2_001.fastq.gz
418,Embryo,3R,K,3RK_0_CG17360,7609417,7609723,c66,3,418emb3R.5a,90, TGTTACGGTT,AGAAGACCTA,1253,70.9,418emb3R-5_S133_L001_R1_001.fastq.gz,418emb3R-5_S133_L001_R2_001.fastq.gz
418,Embryo,3R,K,3RK_0_CG17360,7609417,7609723,c66,3,418emb3R.5b,90, TGTTACGGTT,AGAAGACCTA,1253,70.9,418emb3R-5_S143_L001_R1_001.fastq.gz,418emb3R-5_S143_L001_R2_001.fastq.gz
192,Early ♀,2L,t,2Lt_0_Tengl2,2238742,2238967,1,2,192eaf2L,23, CGGATGCTGA,ACCGAATAGA,259,292.5,192eaf2L_S122_L001_R1_001.fastq.gz,192eaf2L_S122_L001_R2_001.fastq.gz
192,Early ♀,2R,NS,2RNS_0_Stacl,11352014,11352305,2,2,192eaf2R,24, CCACCACCTA,CGGACGATTC,259,15.6,192eaf2R_S123_L001_R1_001.fastq.gz,192eaf2R_S123_L001_R2_001.fastq.gz
192,Early ♀,3L,Ok,3LOk_0_CG9004,2375229,2375544,3,2,192eaf3L,27, GATCGGTAAT,CGCGGTATCT,259,225,192eaf3L_S124_L001_R1_001.fastq.gz,192eaf3L_S124_L001_R2_001.fastq.gz
192,Early ♀,3R,K,3RK_0_CG17360,7609417,7609723,4,2,192eaf3R,28, ACGATGCAAC,TATCCGCGTC,259,23.8,192eaf3R_S125_L001_R1_001.fastq.gz,192eaf3R_S125_L001_R2_001.fastq.gz
251,Early ♀,2L,t,2Lt_0_Tengl2,2238742,2238967,49,2,251eaf2L,89, TAGCCTAGCG,CCAGTCGTCA,194,102,251eaf2L_S136_L001_R1_001.fastq.gz,251eaf2L_S136_L001_R2_001.fastq.gz
251,Early ♀,2R,NS,2RNS_0_Stacl,11352014,11352305,50,2,251eaf2R,90, TGTTACGGTT,AGAAGACCTA,194,46.7,251eaf2R_S137_L001_R1_001.fastq.gz,251eaf2R_S137_L001_R2_001.fastq.gz
251,Early ♀,3L,Ok,3LOk_0_CG9004,2375229,2375544,89,2.dil,251eaf3L,91, TCATACCAAG,CCGTGAGTTC,194,56.3,251eaf3L_S93_L002_R1_001.fastq.gz,251eaf3L_S93_L002_R2_001.fastq.gz
251,Early ♀,3R,K,3RK_0_CG17360,7609417,7609723,134,2,251eaf3R,92, CGGATCTACA,TCAATTCCGA,194,10.5,251eaf3R_S94_L002_R1_001.fastq.gz,251eaf3R_S94_L002_R2_001.fastq.gz
254,Early ♀,2L,t,2Lt_0_Tengl2,2238742,2238967,17,2,254eaf2L,58, TTGGAAGTAC,CCTCTATAGA,234,40.48,254eaf2L_S152_L001_R1_001.fastq.gz,254eaf2L_S152_L001_R2_001.fastq.gz
254,Early ♀,2R,NS,2RNS_0_Stacl,11352014,11352305,91,2.dil,254eaf2R,48, CGCTTGGTTC,GACTCATCCA,234,35,254eaf2R_S101_L002_R1_001.fastq.gz,254eaf2R_S101_L002_R2_001.fastq.gz
254,Early ♀,3L,Ok,3LOk_0_CG9004,2375229,2375544,19,2,254eaf3L,49, CTTGAAGAGG,CATAAGCGAC,234,10,254eaf3L_S153_L001_R1_001.fastq.gz,254eaf3L_S153_L001_R2_001.fastq.gz
254,Early ♀,3R,K,3RK_0_CG17360,7609417,7609723,20,2,254eaf3R,51, GAACGTTCGG,CGATGTCTTG,234,24,254eaf3R_S154_L001_R1_001.fastq.gz,254eaf3R_S154_L001_R2_001.fastq.gz
418,Early ♀,2L,t,2Lt_0_Tengl2,2238742,2238967,33,2,418eaf2L,69, CGTACACTGG,TCAGCATCTA,68,126.4,418eaf2L_S166_L001_R1_001.fastq.gz,418eaf2L_S166_L001_R2_001.fastq.gz
418,Early ♀,2R,NS,2RNS_0_Stacl,11352014,11352305,34,2,418eaf2R,70, TCGCATCAAC,GTTGCATCAA,68,75.5,418eaf2R_S167_L001_R1_001.fastq.gz,418eaf2R_S167_L001_R2_001.fastq.gz
418,Early ♀,3L,Ok,3LOk_0_CG9004,2375229,2375544,35,2,418eaf3L,71, ATAACAAGCG,ATGACAGCAC,68,73.6,418eaf3L_S168_L001_R1_001.fastq.gz,418eaf3L_S168_L001_R2_001.fastq.gz
418,Early ♀,3R,K,3RK_0_CG17360,7609417,7609723,36,2,418eaf3R,72, TGAACGTTAC,TAGCGACGGA,68,43.7,418eaf3R_S169_L001_R1_001.fastq.gz,418eaf3R_S169_L001_R2_001.fastq.gz
192,Late ♀,2L,t,2Lt_0_Tengl2,2238742,2238967,5,2,192laf2L,29, AACGTCCAGT,AGGATGTCCA,272,247.6,192laf2L_S128_L001_R1_001.fastq.gz,192laf2L_S128_L001_R2_001.fastq.gz
192,Late ♀,2R,NS,2RNS_0_Stacl,11352014,11352305,6,2,192laf2R,30, ACACGAACAA,GCCAGCTATC,272,191.7,192laf2R_S129_L001_R1_001.fastq.gz,192laf2R_S129_L001_R2_001.fastq.gz
192,Late ♀,3L,Ok,3LOk_0_CG9004,2375229,2375544,7,2,192laf3L,31, CTCAGTCCGT,CTTACGAACT,272,147,192laf3L_S130_L001_R1_001.fastq.gz,192laf3L_S130_L001_R2_001.fastq.gz
192,Late ♀,3R,K,3RK_0_CG17360,7609417,7609723,135,2.dil,192laf3Ra,32, TATGACGGTG,CAAGACTCAA,272,14.8,192laf3R_S84_L002_R1_001.fastq.gz,192laf3R_S84_L002_R2_001.fastq.gz
192,Late ♀,3R,K,3RK_0_CG17360,7609417,7609723,8,2,192laf3Rb,32, TATGACGGTG,CAAGACTCAA,272,493.9,192laf3R_S131_L001_R1_001.fastq.gz,192laf3R_S131_L001_R2_001.fastq.gz
251,Late ♀,2L,t,2Lt_0_Tengl2,2238742,2238967,53,2,251laf2L,93, CGGTAGAGTT,CGGAACACAA,234,127.6,251laf2L_S141_L001_R1_001.fastq.gz,251laf2L_S141_L001_R2_001.fastq.gz
251,Late ♀,2R,NS,2RNS_0_Stacl,11352014,11352305,92,2.dil,251laf2R,94, GAATGTCACG,CTATAACGGA,234,77.1,251laf2R_S100_L002_R1_001.fastq.gz,251laf2R_S100_L002_R2_001.fastq.gz
251,Late ♀,3L,Ok,3LOk_0_CG9004,2375229,2375544,55,2,251laf3L,95, CCTGGTACAG,AGATGTAAGG,234,30.8,251laf3L_S142_L001_R1_001.fastq.gz,251laf3L_S142_L001_R2_001.fastq.gz
251,Late ♀,3R,K,3RK_0_CG17360,7609417,7609723,56,2,251laf3R,110, TCGCGATGTC,GCATCCTACT,234,16.4,251laf3R_S143_L001_R1_001.fastq.gz,251laf3R_S143_L001_R2_001.fastq.gz
254,Late ♀,2L,t,2Lt_0_Tengl2,2238742,2238967,21,2,254laf2L,52, AACGCCATTC,GAGATGAGAG,273,149.2,254laf2L_S158_L001_R1_001.fastq.gz,254laf2L_S158_L001_R2_001.fastq.gz
254,Late ♀,2R,NS,2RNS_0_Stacl,11352014,11352305,22,2,254laf2R,54, ACAATTGGTC,ACTTCCGGCA,273,102.4,254laf2R_S159_L001_R1_001.fastq.gz,254laf2R_S159_L001_R2_001.fastq.gz
254,Late ♀,3L,Ok,3LOk_0_CG9004,2375229,2375544,93,2.dil,254laf3L,56, GCCAATGTTC,AACAACACAG,273,51.1,254laf3L_S106_L002_R1_001.fastq.gz,254laf3L_S106_L002_R2_001.fastq.gz
254,Late ♀,3R,K,3RK_0_CG17360,7609417,7609723,24,2,254laf3R,57, TAGTGTTACG,AGACTAGATG,273,15,254laf3R_S160_L001_R1_001.fastq.gz,254laf3R_S160_L001_R2_001.fastq.gz
418,Late ♀,2L,t,2Lt_0_Tengl2,2238742,2238967,37,2,418laf2L,73, GAAGACTCGG,GTATGCCACA,153,176.4,418laf2L_S173_L001_R1_001.fastq.gz,418laf2L_S173_L001_R2_001.fastq.gz
418,Late ♀,2R,NS,2RNS_0_Stacl,11352014,11352305,94,2.dil,418laf2R,74, TAGCGCAATA,AGTATCCGAT,153,32.3,418laf2R_S116_L002_R1_001.fastq.gz,418laf2R_S116_L002_R2_001.fastq.gz
418,Late ♀,3L,Ok,3LOk_0_CG9004,2375229,2375544,95,2.dil,418laf3L,75, TTAGACCACA,AACGAAGATC,153,68.1,418laf3L_S117_L002_R1_001.fastq.gz,418laf3L_S117_L002_R2_001.fastq.gz
418,Late ♀,3R,K,3RK_0_CG17360,7609417,7609723,96,2.dil,418laf3R,76, CGTAGACGTG,CCTCCTGTGA,153,15.9,418laf3R_S118_L002_R1_001.fastq.gz,418laf3R_S118_L002_R2_001.fastq.gz
192,Early ♂,2L,t,2Lt_0_Tengl2,2238742,2238967,9,2,192eam2L,33, ACACAACTAC,TCGACGGCAA,237,472.6,192eam2L_S126_L001_R1_001.fastq.gz,192eam2L_S126_L001_R2_001.fastq.gz
192,Early ♂,2R,NS,2RNS_0_Stacl,11352014,11352305,97,2.dil,192eam2R,34, AAGGACTCAG,TCAGTTCGAT,237,56.3,192eam2R_S78_L002_R1_001.fastq.gz,192eam2R_S78_L002_R2_001.fastq.gz
192,Early ♂,3L,Ok,3LOk_0_CG9004,2375229,2375544,11,2,192eam3L,36, CGCTTACAAT,GACCTACTAT,237,301.1,192eam3L_S127_L001_R1_001.fastq.gz,192eam3L_S127_L001_R2_001.fastq.gz
192,Early ♂,3R,K,3RK_0_CG17360,7609417,7609723,98,2.dil,192eam3R,37, AGAGAGACCG,ACGAGACGTC,237,16.2,192eam3R_S79_L002_R1_001.fastq.gz,192eam3R_S79_L002_R2_001.fastq.gz
251,Early ♂,2L,t,2Lt_0_Tengl2,2238742,2238967,57,2,251eam2L,111, CAATACGACA,AGTCCAGCGT,290,31.9,251eam2L_S138_L001_R1_001.fastq.gz,251eam2L_S138_L001_R2_001.fastq.gz
251,Early ♂,2R,NS,2RNS_0_Stacl,11352014,11352305,99,2.dil,251eam2R,112, CTAGACACTC,AGGCAGCCAT,290,44.5,251eam2R_S95_L002_R1_001.fastq.gz,251eam2R_S95_L002_R2_001.fastq.gz
251,Early ♂,3L,Ok,3LOk_0_CG9004,2375229,2375544,59,2,251eam3L,114, CAAGATACGT,GTATCTGAGG,290,62.2,251eam3L_S139_L001_R1_001.fastq.gz,251eam3L_S139_L001_R2_001.fastq.gz
251,Early ♂,3R,K,3RK_0_CG17360,7609417,7609723,60,2,251eam3R,116, TCCAGCTCAT,CGGCATATAC,290,13.8,251eam3R_S140_L001_R1_001.fastq.gz,251eam3R_S140_L001_R2_001.fastq.gz
254,Early ♂,2L,t,2Lt_0_Tengl2,2238742,2238967,32,2,254eam2L,43, CTGGTAGCTA,CCTGACATCT,1065,126.8,CCTGACATCT-CTGGTAGCTA_S1_L001_R1_001.fastq.gz,CCTGACATCT-CTGGTAGCTA_S1_L001_R2_001.fastq.gz
254,Early ♂,2R,NS,2RNS_0_Stacl,11352014,11352305,c33,2,254eam2R.1a,43, CTGGTAGCTA,CCTGACATCT,1065,167.5,254eam2R-1_S103_L001_R1_001.fastq.gz,254eam2R-1_S103_L001_R2_001.fastq.gz
254,Early ♂,2R,NS,2RNS_0_Stacl,11352014,11352305,c33,2,254eam2R.1b,43, CTGGTAGCTA,CCTGACATCT,1065,167.5,254eam2R-1_S113_L001_R1_001.fastq.gz,254eam2R-1_S113_L001_R2_001.fastq.gz
254,Early ♂,2R,NS,2RNS_0_Stacl,11352014,11352305,c34,2,254eam2R.2a,48, CGCTTGGTTC,GACTCATCCA,1065,217.8,254eam2R-2_S104_L001_R1_001.fastq.gz,254eam2R-2_S104_L001_R2_001.fastq.gz
254,Early ♂,2R,NS,2RNS_0_Stacl,11352014,11352305,c34,2,254eam2R.2b,48, CGCTTGGTTC,GACTCATCCA,1065,217.8,254eam2R-2_S114_L001_R1_001.fastq.gz,254eam2R-2_S114_L001_R2_001.fastq.gz
254,Early ♂,2R,NS,2RNS_0_Stacl,11352014,11352305,c35,2,254eam2R.3a,49, CTTGAAGAGG,CATAAGCGAC,1065,168.9,254eam2R-3_S105_L001_R1_001.fastq.gz,254eam2R-3_S105_L001_R2_001.fastq.gz
254,Early ♂,2R,NS,2RNS_0_Stacl,11352014,11352305,c35,2,254eam2R.3b,49, CTTGAAGAGG,CATAAGCGAC,1065,168.9,254eam2R-3_S115_L001_R1_001.fastq.gz,254eam2R-3_S115_L001_R2_001.fastq.gz
254,Early ♂,3L,Ok,3LOk_0_CG9004,2375229,2375544,c36,2,254eam3L.1a,51, GAACGTTCGG,CGATGTCTTG,1065,200.6,254eam3L-1_S106_L001_R1_001.fastq.gz,254eam3L-1_S106_L001_R2_001.fastq.gz
254,Early ♂,3L,Ok,3LOk_0_CG9004,2375229,2375544,c36,2,254eam3L.1b,51, GAACGTTCGG,CGATGTCTTG,1065,200.6,254eam3L-1_S116_L001_R1_001.fastq.gz,254eam3L-1_S116_L001_R2_001.fastq.gz
254,Early ♂,3L,Ok,3LOk_0_CG9004,2375229,2375544,c38,2,254eam3L.3a,54, ACAATTGGTC,ACTTCCGGCA,1065,179.1,254eam3L-3_S108_L001_R1_001.fastq.gz,254eam3L-3_S108_L001_R2_001.fastq.gz
254,Early ♂,3L,Ok,3LOk_0_CG9004,2375229,2375544,c38,2,254eam3L.3b,54, ACAATTGGTC,ACTTCCGGCA,1065,179.1,254eam3L-3_S118_L001_R1_001.fastq.gz,254eam3L-3_S118_L001_R2_001.fastq.gz
254,Early ♂,3R,K,3RK_0_CG17360,7609417,7609723,c39,2,254eam3R.1a,56, GCCAATGTTC,AACAACACAG,1065,171.7,254eam3R-1_S109_L001_R1_001.fastq.gz,254eam3R-1_S109_L001_R2_001.fastq.gz
254,Early ♂,3R,K,3RK_0_CG17360,7609417,7609723,c39,2,254eam3R.1b,56, GCCAATGTTC,AACAACACAG,1065,171.7,254eam3R-1_S119_L001_R1_001.fastq.gz,254eam3R-1_S119_L001_R2_001.fastq.gz
254,Early ♂,3R,K,3RK_0_CG17360,7609417,7609723,c40,2,254eam3R.2a,57, TAGTGTTACG,AGACTAGATG,1065,98.8,254eam3R-2_S110_L001_R1_001.fastq.gz,254eam3R-2_S110_L001_R2_001.fastq.gz
254,Early ♂,3R,K,3RK_0_CG17360,7609417,7609723,c40,2,254eam3R.2b,57, TAGTGTTACG,AGACTAGATG,1065,98.8,254eam3R-2_S120_L001_R1_001.fastq.gz,254eam3R-2_S120_L001_R2_001.fastq.gz
418,Early ♂,2L,t,2Lt_0_Tengl2,2238742,2238967,41,2,418eam2L,79, GCGAGTATCA,CCGAACAGAG,261,102.9,418eam2L_S170_L001_R1_001.fastq.gz,418eam2L_S170_L001_R2_001.fastq.gz
418,Early ♂,2R,NS,2RNS_0_Stacl,11352014,11352305,100,2.dil,418eam2R,80, CTCTCGATAA,AGAACTAACG,261,43.2,418eam2R_S111_L002_R1_001.fastq.gz,418eam2R_S111_L002_R2_001.fastq.gz
418,Early ♂,3L,Ok,3LOk_0_CG9004,2375229,2375544,43,2,418eam3L,81, AATACTGGCA,GAGCAGCTTG,261,100.5,418eam3L_S171_L001_R1_001.fastq.gz,418eam3L_S171_L001_R2_001.fastq.gz
418,Early ♂,3R,K,3RK_0_CG17360,7609417,7609723,44,2,418eam3R,82, TATGCAACTC,CCGATAGTAG,261,49,418eam3R_S172_L001_R1_001.fastq.gz,418eam3R_S172_L001_R2_001.fastq.gz
192,Late ♂,2L,t,2Lt_0_Tengl2,2238742,2238967,13,2,192lam2L,38, CATTGCTGTT,TATGGCAAGC,275,139.7,192lam2L_S85_L002_R1_001.fastq.gz,192lam2L_S85_L002_R2_001.fastq.gz
192,Late ♂,2R,NS,2RNS_0_Stacl,11352014,11352305,101,2.dil,192lam2R,39, GCAACACGGA,ACTCCGAAGC,275,57,192lam2R_S86_L002_R1_001.fastq.gz,192lam2R_S86_L002_R2_001.fastq.gz
192,Late ♂,3L,Ok,3LOk_0_CG9004,2375229,2375544,15,2,192lam3L,41, AATAGCTGTG,AGTTCAGGCG,275,103.6,192lam3L_S87_L002_R1_001.fastq.gz,192lam3L_S87_L002_R2_001.fastq.gz
192,Late ♂,3R,K,3RK_0_CG17360,7609417,7609723,16,2,192lam3R,42, GAACACTATC,CGCCAAGGTA,275,14.7,192lam3R_S88_L002_R1_001.fastq.gz,192lam3R_S88_L002_R2_001.fastq.gz
251,Late ♂,2L,t,2Lt_0_Tengl2,2238742,2238967,61,2,251lam2L,117, CTCTAGCCTA,CACGAGTGTC,223,96.4,251lam2L_S144_L001_R1_001.fastq.gz,251lam2L_S144_L001_R2_001.fastq.gz
251,Late ♂,2R,NS,2RNS_0_Stacl,11352014,11352305,62,2,251lam2R,118, GTAGAAGCAT,CGGAGACTAT,223,68.2,251lam2R_S145_L001_R1_001.fastq.gz,251lam2R_S145_L001_R2_001.fastq.gz
251,Late ♂,3L,Ok,3LOk_0_CG9004,2375229,2375544,63,2,251lam3L,119, CACCAGCACA,AAGGTGTTAG,223,41.9,251lam3L_S146_L001_R1_001.fastq.gz,251lam3L_S146_L001_R2_001.fastq.gz
251,Late ♂,3R,K,3RK_0_CG17360,7609417,7609723,64,2,251lam3R,120, ATCTTGCGGC,GCGATGGAAG,223,34.2,251lam3R_S147_L001_R1_001.fastq.gz,251lam3R_S147_L001_R2_001.fastq.gz
254,Late ♂,2L,t,2Lt_0_Tengl2,2238742,2238967,28,2,254lam2La,63, TGCTGAACGC,CTCCGCCATA,567,169.7,CTCCGCCATA-TGCTGAACGC_S2_L001_R1_001.fastq.gz,CTCCGCCATA-TGCTGAACGC_S2_L001_R2_001.fastq.gz
254,Late ♂,2L,t,2Lt_0_Tengl2,2238742,2238967,105,2.dil,254lam2Lb,63, TGCTGAACGC,CTCCGCCATA,567,80.7,254lam2L_S107_L002_R1_001.fastq.gz,254lam2L_S107_L002_R2_001.fastq.gz
254,Late ♂,2R,NS,2RNS_0_Stacl,11352014,11352305,106,2.dil,254lam2Rb,64, CTTCCTAGGC,TGACACGATT,567,31.9,254lam2R_S108_L002_R1_001.fastq.gz,254lam2R_S108_L002_R2_001.fastq.gz
254,Late ♂,2R,NS,2RNS_0_Stacl,11352014,11352305,27,2,254lam2Ra,64, CTTCCTAGGC,TGACACGATT,567,95.7,TGACACGATT-CTTCCTAGGC_S3_L001_R1_001.fastq.gz,TGACACGATT-CTTCCTAGGC_S3_L001_R2_001.fastq.gz
254,Late ♂,3L,Ok,3LOk_0_CG9004,2375229,2375544,107,2.dil,254lam3La,65, CGTTGGTAAC,GTGCTCTAGG,567,5,254lam3L_S109_L002_R1_001.fastq.gz,254lam3L_S109_L002_R2_001.fastq.gz
254,Late ♂,3L,Ok,3LOk_0_CG9004,2375229,2375544,26,2,254lam3Lb,65, CGTTGGTAAC,GTGCTCTAGG,567,94.8,GTGCTCTAGG-CGTTGGTAAC_S4_L001_R1_001.fastq.gz,GTGCTCTAGG-CGTTGGTAAC_S4_L001_R2_001.fastq.gz
254,Late ♂,3R,K,3RK_0_CG17360,7609417,7609723,108,2.dil,254lam3R,68, CTTCTCCAGC,CACTTACGGC,567,13.2,254lam3R_S110_L002_R1_001.fastq.gz,254lam3R_S110_L002_R2_001.fastq.gz
418,Late ♂,2L,t,2Lt_0_Tengl2,2238742,2238967,102,2.dil,418lam2L,83, ATGCTAGTGT,GTGTCTACAG,475,138.9,418lam2L_S119_L002_R1_001.fastq.gz,418lam2L_S119_L002_R2_001.fastq.gz
418,Late ♂,2R,NS,2RNS_0_Stacl,11352014,11352305,103,2.dil,418lam2R,84, CCATTAGAAC,GTACAGACCG,475,64.1,418lam2R_S120_L002_R1_001.fastq.gz,418lam2R_S120_L002_R2_001.fastq.gz
418,Late ♂,3L,Ok,3LOk_0_CG9004,2375229,2375544,47,2,418lam3L,85, AACGTGAACG,GCCAACAGAC,475,15.6,418lam3L_S174_L001_R1_001.fastq.gz,418lam3L_S174_L001_R2_001.fastq.gz
418,Late ♂,3R,K,3RK_0_CG17360,7609417,7609723,136,2.dil,418lam3R,88, GTGCCTCTGA,TATGCGTAGC,475,19.7,418lam3R_S121_L002_R1_001.fastq.gz,418lam3R_S121_L002_R2_001.fastq.gz