Replicate,Age Stage,Chrom,Inversion,Amplicon Name,Start,End,ID#,Sample Name,UDI#,i5,i7 RC,Sample Size,Concentration (nmol/L),Paired Read File 1,Paired Read File 2,Alt Read File 1,Alt Read File 2
192,Parental ♂,2L,t,2Lt_0_Tengl2,2238742,2238967,81,192par2L,1, GATTCACGAC,TAACTTGGTC,298,130.2,192par2L_S89_L002_R1_001.fastq,192par2L_S89_L002_R2_001.fastq,,
192,Parental ♂,2R,NS,2RNS_0_Stacl,11352014,11352305,82,192par2R,3, ACCTAAGAGC,CGACCTTAAT,298,139.6,192par2R_S90_L002_R1_001.fastq,192par2R_S90_L002_R2_001.fastq,,
192,Parental ♂,3L,Ok,3LOk_0_CG9004,2375229,2375544,83,192par3L,4, ATGGCTTCTA,ATGTTGCCAC,298,93,192par3L_S91_L002_R1_001.fastq,192par3L_S91_L002_R2_001.fastq,,
192,Parental ♂,3R,K,3RK_0_CG17360,7609417,7609723,84,192par3R,6, CCTTACCTAT,TCTAGCTGCG,298,40.5,192par3R_S92_L002_R1_001.fastq,192par3R_S92_L002_R2_001.fastq,,
251,Parental ♂,2L,t,2Lt_0_Tengl2,2238742,2238967,5,251par2L,7, ATATAAGGCG,AGATTAGCGT,501,102.5,251par2L_S148_L001_R1_001.fastq,251par2L_S148_L001_R2_001.fastq,,
251,Parental ♂,2R,NS,2RNS_0_Stacl,11352014,11352305,6,251par2R,8, AGCATCGTGC,AGGTAACAAC,501,27.3,251par2R_S149_L001_R1_001.fastq,251par2R_S149_L001_R2_001.fastq,,
251,Parental ♂,3L,Ok,3LOk_0_CG9004,2375229,2375544,7,251par3L,9, CTGGCATATT,CGCACTTCGT,501,31.4,251par3L_S150_L001_R1_001.fastq,251par3L_S150_L001_R2_001.fastq,,
251,Parental ♂,3R,K,3RK_0_CG17360,7609417,7609723,8,251par3R,10, CGTGACTCTA,CTTGCTATTC,501,40.4,251par3R_S151_L001_R1_001.fastq,251par3R_S151_L001_R2_001.fastq,,
254,Parental ♂,2L,t,2Lt_0_Tengl2,2238742,2238967,9,254par2L,11, GACCTGTTAA,TCTCACCAGG,561,281.1,254par2L_S162_L001_R1_001.fastq,254par2L_S162_L001_R2_001.fastq,,
254,Parental ♂,2R,NS,2RNS_0_Stacl,11352014,11352305,10,254par2R,12, TGGCTCATGT,TTCCTCACGT,561,237.5,254par2R_S163_L001_R1_001.fastq,254par2R_S163_L001_R2_001.fastq,,
254,Parental ♂,3L,Ok,3LOk_0_CG9004,2375229,2375544,11,254par3L,14, CCTACGGACA,TCCAACTGAA,561,223.6,254par3L_S164_L001_R1_001.fastq,254par3L_S164_L001_R2_001.fastq,,
254,Parental ♂,3R,K,3RK_0_CG17360,7609417,7609723,12,254par3R,15, AGGCATAATG,GAACCGCATT,561,235.3,254par3R_S165_L001_R1_001.fastq,254par3R_S165_L001_R2_001.fastq,,
418,Parental ♂,2L,t,2Lt_0_Tengl2,2238742,2238967,13,418par2L,18, TGTCGTTAAG,TTACGCGCAT,422,203.1,418par2L_S175_L001_R1_001.fastq,418par2L_S175_L001_R2_001.fastq,,
418,Parental ♂,2R,NS,2RNS_0_Stacl,11352014,11352305,14,418par2R,19, ACATTACTCG,TCGCGACACT,422,271.7,418par2R_S176_L001_R1_001.fastq,418par2R_S176_L001_R2_001.fastq,,
418,Parental ♂,3L,Ok,3LOk_0_CG9004,2375229,2375544,15,418par3L,20, CATACCGCTG,TGGAGATCGA,422,269.2,418par3L_S177_L001_R1_001.fastq,418par3L_S177_L001_R2_001.fastq,,
418,Parental ♂,3R,K,3RK_0_CG17360,7609417,7609723,16,418par3R,22, CTTCAATAGC,CCACAGCCTT,422,225.1,418par3R_S178_L001_R1_001.fastq,418par3R_S178_L001_R2_001.fastq,,
192,Embryo,2L,t,2Lt_0_Tengl2,2238742,2238967,113,192emb2L,7, ATATAAGGCG,AGATTAGCGT,1514,92.3,192emb2L_S80_L002_R1_001.fastq,192emb2L_S80_L002_R2_001.fastq,,
192,Embryo,2R,NS,2RNS_0_Stacl,11352014,11352305,114,192emb2R,8, AGCATCGTGC,AGGTAACAAC,1514,139,192emb2R_S81_L002_R1_001.fastq,192emb2R_S81_L002_R2_001.fastq,,
192,Embryo,3L,Ok,3LOk_0_CG9004,2375229,2375544,115,192emb3L,9, CTGGCATATT,CGCACTTCGT,1514,201,192emb3L_S82_L002_R1_001.fastq,192emb3L_S82_L002_R2_001.fastq,,
192,Embryo,3R,K,3RK_0_CG17360,7609417,7609723,116,192emb3R,10, CGTGACTCTA,CTTGCTATTC,1514,49.8,192emb3R_S83_L002_R1_001.fastq,192emb3R_S83_L002_R2_001.fastq,,
251,Embryo,2L,t,2Lt_0_Tengl2,2238742,2238967,117,251emb2L,121, TAGAGAGTAC,ACGGTCGCAT,5508,128.6,251emb2L_S96_L002_R1_001.fastq,251emb2L_S96_L002_R2_001.fastq,,
251,Embryo,2R,NS,2RNS_0_Stacl,11352014,11352305,118,251emb2R,122, TCTCGGAGTT,TTACACACGG,5508,120.8,251emb2R_S97_L002_R1_001.fastq,251emb2R_S97_L002_R2_001.fastq,,
251,Embryo,3L,Ok,3LOk_0_CG9004,2375229,2375544,119,251emb3L,123, CCGCGATTAG,CGAGATTAGA,5508,86.5,251emb3L_S98_L002_R1_001.fastq,251emb3L_S98_L002_R2_001.fastq,,
251,Embryo,3R,K,3RK_0_CG17360,7609417,7609723,120,251emb3R,125, AGTGCCGATG,ACAACACACA,5508,23.4,251emb3R_S99_L002_R1_001.fastq,251emb3R_S99_L002_R2_001.fastq,,
254,Embryo,2L,t,2Lt_0_Tengl2,2238742,2238967,129,254emb2L,127, CCGATATGTC,ACAGAGGCGT,4709,103.4,254emb2L_S102_L002_R1_001.fastq,254emb2L_S102_L002_R2_001.fastq,,
254,Embryo,2R,NS,2RNS_0_Stacl,11352014,11352305,130,254emb2R,130, GATCAAGCCA,GTGAAGACAC,4709,83.3,254emb2R_S103_L002_R1_001.fastq,254emb2R_S103_L002_R2_001.fastq,,
254,Embryo,3L,Ok,3LOk_0_CG9004,2375229,2375544,131,254emb3L,133, CGACTCACTA,CCTATGTGTA,4709,39.7,254emb3L_S104_L002_R1_001.fastq,254emb3L_S104_L002_R2_001.fastq,,
254,Embryo,3R,K,3RK_0_CG17360,7609417,7609723,132,254emb3R,134, TTCCGTCCAA,CAACGTTGAC,4709,17.5,254emb3R_S105_L002_R1_001.fastq,254emb3R_S105_L002_R2_001.fastq,,
418,Embryo,2L,t,2Lt_0_Tengl2,2238742,2238967,125,418emb2L,135, ATCTCTGGTA,TGACATAGGT,1253,127.8,418emb2L_S112_L002_R1_001.fastq,418emb2L_S112_L002_R2_001.fastq,,
418,Embryo,2R,NS,2RNS_0_Stacl,11352014,11352305,133,418emb2R,136, CCTAACTCAT,TTACACCAAC,1253,57.4,418emb2R_S113_L002_R1_001.fastq,418emb2R_S113_L002_R2_001.fastq,,
418,Embryo,3L,Ok,3LOk_0_CG9004,2375229,2375544,127,418emb3L,138, AACTAGGTCA,GCAACATCAA,1253,47.7,418emb3L_S114_L002_R1_001.fastq,418emb3L_S114_L002_R2_001.fastq,,
418,Embryo,3R,K,3RK_0_CG17360,7609417,7609723,128,418emb3R,11, GACCTGTTAA,TCTCACCAGG,1253,10.6,418emb3R_S115_L002_R1_001.fastq,418emb3R_S115_L002_R2_001.fastq,,
192,Early ♀,2L,t,2Lt_0_Tengl2,2238742,2238967,1,192eaf2L,23, CGGATGCTGA,ACCGAATAGA,259,292.5,192eaf2L_S122_L001_R1_001.fastq,192eaf2L_S122_L001_R2_001.fastq,,
192,Early ♀,2R,NS,2RNS_0_Stacl,11352014,11352305,2,192eaf2R,24, CCACCACCTA,CGGACGATTC,259,15.6,192eaf2R_S123_L001_R1_001.fastq,192eaf2R_S123_L001_R2_001.fastq,,
192,Early ♀,3L,Ok,3LOk_0_CG9004,2375229,2375544,3,192eaf3L,27, GATCGGTAAT,CGCGGTATCT,259,225,192eaf3L_S124_L001_R1_001.fastq,192eaf3L_S124_L001_R2_001.fastq,,
192,Early ♀,3R,K,3RK_0_CG17360,7609417,7609723,4,192eaf3R,28, ACGATGCAAC,TATCCGCGTC,259,23.8,192eaf3R_S125_L001_R1_001.fastq,192eaf3R_S125_L001_R2_001.fastq,,
251,Early ♀,2L,t,2Lt_0_Tengl2,2238742,2238967,49,251eaf2L,89, TAGCCTAGCG,CCAGTCGTCA,194,102,251eaf2L_S136_L001_R1_001.fastq,251eaf2L_S136_L001_R2_001.fastq,,
251,Early ♀,2R,NS,2RNS_0_Stacl,11352014,11352305,50,251eaf2R,90, TGTTACGGTT,AGAAGACCTA,194,46.7,251eaf2R_S137_L001_R1_001.fastq,251eaf2R_S137_L001_R2_001.fastq,,
251,Early ♀,3L,Ok,3LOk_0_CG9004,2375229,2375544,89,251eaf3L,91, TCATACCAAG,CCGTGAGTTC,194,56.3,251eaf3L_S93_L002_R1_001.fastq,251eaf3L_S93_L002_R2_001.fastq,,
251,Early ♀,3R,K,3RK_0_CG17360,7609417,7609723,134,251eaf3R,92, CGGATCTACA,TCAATTCCGA,194,10.5,251eaf3R_S94_L002_R1_001.fastq,251eaf3R_S94_L002_R2_001.fastq,,
254,Early ♀,2L,t,2Lt_0_Tengl2,2238742,2238967,17,254eaf2L,58, TTGGAAGTAC,CCTCTATAGA,234,40.48,254eaf2L_S152_L001_R1_001.fastq,254eaf2L_S152_L001_R2_001.fastq,,
254,Early ♀,2R,NS,2RNS_0_Stacl,11352014,11352305,91,254eaf2R,48, CGCTTGGTTC,GACTCATCCA,234,35,254eaf2R_S101_L002_R1_001.fastq,254eaf2R_S101_L002_R2_001.fastq,,
254,Early ♀,3L,Ok,3LOk_0_CG9004,2375229,2375544,19,254eaf3L,49, CTTGAAGAGG,CATAAGCGAC,234,10,254eaf3L_S153_L001_R1_001.fastq,254eaf3L_S153_L001_R2_001.fastq,,
254,Early ♀,3R,K,3RK_0_CG17360,7609417,7609723,20,254eaf3R,51, GAACGTTCGG,CGATGTCTTG,234,24,254eaf3R_S154_L001_R1_001.fastq,254eaf3R_S154_L001_R2_001.fastq,,
418,Early ♀,2L,t,2Lt_0_Tengl2,2238742,2238967,33,418eaf2L,69, CGTACACTGG,TCAGCATCTA,68,126.4,418eaf2L_S166_L001_R1_001.fastq,418eaf2L_S166_L001_R2_001.fastq,,
418,Early ♀,2R,NS,2RNS_0_Stacl,11352014,11352305,34,418eaf2R,70, TCGCATCAAC,GTTGCATCAA,68,75.5,418eaf2R_S167_L001_R1_001.fastq,418eaf2R_S167_L001_R2_001.fastq,,
418,Early ♀,3L,Ok,3LOk_0_CG9004,2375229,2375544,35,418eaf3L,71, ATAACAAGCG,ATGACAGCAC,68,73.6,418eaf3L_S168_L001_R1_001.fastq,418eaf3L_S168_L001_R2_001.fastq,,
418,Early ♀,3R,K,3RK_0_CG17360,7609417,7609723,36,418eaf3R,72, TGAACGTTAC,TAGCGACGGA,68,43.7,418eaf3R_S169_L001_R1_001.fastq,418eaf3R_S169_L001_R2_001.fastq,,
192,Late ♀,2L,t,2Lt_0_Tengl2,2238742,2238967,5,192laf2L,29, AACGTCCAGT,AGGATGTCCA,272,247.6,192laf2L_S128_L001_R1_001.fastq,192laf2L_S128_L001_R2_001.fastq,,
192,Late ♀,2R,NS,2RNS_0_Stacl,11352014,11352305,6,192laf2R,30, ACACGAACAA,GCCAGCTATC,272,191.7,192laf2R_S129_L001_R1_001.fastq,192laf2R_S129_L001_R2_001.fastq,,
192,Late ♀,3L,Ok,3LOk_0_CG9004,2375229,2375544,7,192laf3L,31, CTCAGTCCGT,CTTACGAACT,272,147,192laf3L_S130_L001_R1_001.fastq,192laf3L_S130_L001_R2_001.fastq,,
192,Late ♀,3R,K,3RK_0_CG17360,7609417,7609723,135,192laf3R,32, TATGACGGTG,CAAGACTCAA,272,14.8,192laf3R_S84_L002_R1_001.fastq,192laf3R_S84_L002_R2_001.fastq,192laf3R_S131_L001_R1_001.fastq,192laf3R_S131_L001_R2_001.fastq
251,Late ♀,2L,t,2Lt_0_Tengl2,2238742,2238967,53,251laf2L,93, CGGTAGAGTT,CGGAACACAA,234,127.6,251laf2L_S141_L001_R1_001.fastq,251laf2L_S141_L001_R2_001.fastq,,
251,Late ♀,2R,NS,2RNS_0_Stacl,11352014,11352305,92,251laf2R,94, GAATGTCACG,CTATAACGGA,234,77.1,251laf2R_S100_L002_R1_001.fastq,251laf2R_S100_L002_R2_001.fastq,,
251,Late ♀,3L,Ok,3LOk_0_CG9004,2375229,2375544,55,251laf3L,95, CCTGGTACAG,AGATGTAAGG,234,30.8,251laf3L_S142_L001_R1_001.fastq,251laf3L_S142_L001_R2_001.fastq,,
251,Late ♀,3R,K,3RK_0_CG17360,7609417,7609723,56,251laf3R,110, TCGCGATGTC,GCATCCTACT,234,16.4,251laf3R_S143_L001_R1_001.fastq,251laf3R_S143_L001_R2_001.fastq,,
254,Late ♀,2L,t,2Lt_0_Tengl2,2238742,2238967,21,254laf2L,52, AACGCCATTC,GAGATGAGAG,273,149.2,254laf2L_S158_L001_R1_001.fastq,254laf2L_S158_L001_R2_001.fastq,,
254,Late ♀,2R,NS,2RNS_0_Stacl,11352014,11352305,22,254laf2R,54, ACAATTGGTC,ACTTCCGGCA,273,102.4,254laf2R_S159_L001_R1_001.fastq,254laf2R_S159_L001_R2_001.fastq,,
254,Late ♀,3L,Ok,3LOk_0_CG9004,2375229,2375544,93,254laf3L,56, GCCAATGTTC,AACAACACAG,273,51.1,254laf3L_S106_L002_R1_001.fastq,254laf3L_S106_L002_R2_001.fastq,,
254,Late ♀,3R,K,3RK_0_CG17360,7609417,7609723,24,254laf3R,57, TAGTGTTACG,AGACTAGATG,273,15,254laf3R_S160_L001_R1_001.fastq,254laf3R_S160_L001_R2_001.fastq,,
418,Late ♀,2L,t,2Lt_0_Tengl2,2238742,2238967,37,418laf2L,73, GAAGACTCGG,GTATGCCACA,153,176.4,418laf2L_S173_L001_R1_001.fastq,418laf2L_S173_L001_R2_001.fastq,,
418,Late ♀,2R,NS,2RNS_0_Stacl,11352014,11352305,94,418laf2R,74, TAGCGCAATA,AGTATCCGAT,153,32.3,418laf2R_S116_L002_R1_001.fastq,418laf2R_S116_L002_R2_001.fastq,,
418,Late ♀,3L,Ok,3LOk_0_CG9004,2375229,2375544,95,418laf3L,75, TTAGACCACA,AACGAAGATC,153,68.1,418laf3L_S117_L002_R1_001.fastq,418laf3L_S117_L002_R2_001.fastq,,
418,Late ♀,3R,K,3RK_0_CG17360,7609417,7609723,96,418laf3R,76, CGTAGACGTG,CCTCCTGTGA,153,15.9,418laf3R_S118_L002_R1_001.fastq,418laf3R_S118_L002_R2_001.fastq,,
192,Early ♂,2L,t,2Lt_0_Tengl2,2238742,2238967,9,192eam2L,33, ACACAACTAC,TCGACGGCAA,237,472.6,192eam2L_S126_L001_R1_001.fastq,192eam2L_S126_L001_R2_001.fastq,,
192,Early ♂,2R,NS,2RNS_0_Stacl,11352014,11352305,97,192eam2R,34, AAGGACTCAG,TCAGTTCGAT,237,56.3,192eam2R_S78_L002_R1_001.fastq,192eam2R_S78_L002_R2_001.fastq,,
192,Early ♂,3L,Ok,3LOk_0_CG9004,2375229,2375544,11,192eam3L,36, CGCTTACAAT,GACCTACTAT,237,301.1,192eam3L_S127_L001_R1_001.fastq,192eam3L_S127_L001_R2_001.fastq,,
192,Early ♂,3R,K,3RK_0_CG17360,7609417,7609723,98,192eam3R,37, AGAGAGACCG,ACGAGACGTC,237,16.2,192eam3R_S79_L002_R1_001.fastq,192eam3R_S79_L002_R2_001.fastq,,
251,Early ♂,2L,t,2Lt_0_Tengl2,2238742,2238967,57,251eam2L,111, CAATACGACA,AGTCCAGCGT,290,31.9,251eam2L_S138_L001_R1_001.fastq,251eam2L_S138_L001_R2_001.fastq,,
251,Early ♂,2R,NS,2RNS_0_Stacl,11352014,11352305,99,251eam2R,112, CTAGACACTC,AGGCAGCCAT,290,44.5,251eam2R_S95_L002_R1_001.fastq,251eam2R_S95_L002_R2_001.fastq,,
251,Early ♂,3L,Ok,3LOk_0_CG9004,2375229,2375544,59,251eam3L,114, CAAGATACGT,GTATCTGAGG,290,62.2,251eam3L_S139_L001_R1_001.fastq,251eam3L_S139_L001_R2_001.fastq,,
251,Early ♂,3R,K,3RK_0_CG17360,7609417,7609723,60,251eam3R,116, TCCAGCTCAT,CGGCATATAC,290,13.8,251eam3R_S140_L001_R1_001.fastq,251eam3R_S140_L001_R2_001.fastq,,
254,Early ♂,2L,t,2Lt_0_Tengl2,2238742,2238967,85,254eam2L,43, CTGGTAGCTA,CCTGACATCT,1065,111.2,CCTGACATCT-CTGGTAGCTA_S1_L001_R1_001.fastq,CCTGACATCT-CTGGTAGCTA_S1_L001_R2_001.fastq,,
254,Early ♂,2R,NS,2RNS_0_Stacl,11352014,11352305,86,254eam2R,59, AAGACGCTAA,TACGCTACTT,1065,84.2,,,,
254,Early ♂,3L,Ok,3LOk_0_CG9004,2375229,2375544,87,254eam3L,60, AGACGGTCAA,CGCACTGGTA,1065,76.3,,,,
254,Early ♂,3R,K,3RK_0_CG17360,7609417,7609723,88,254eam3R,62, ATACATCGCA,GCCACCTAGT,1065,6.7,,,,
418,Early ♂,2L,t,2Lt_0_Tengl2,2238742,2238967,41,418eam2L,79, GCGAGTATCA,CCGAACAGAG,261,102.9,418eam2L_S170_L001_R1_001.fastq,418eam2L_S170_L001_R2_001.fastq,,
418,Early ♂,2R,NS,2RNS_0_Stacl,11352014,11352305,100,418eam2R,80, CTCTCGATAA,AGAACTAACG,261,43.2,418eam2R_S111_L002_R1_001.fastq,418eam2R_S111_L002_R2_001.fastq,,
418,Early ♂,3L,Ok,3LOk_0_CG9004,2375229,2375544,43,418eam3L,81, AATACTGGCA,GAGCAGCTTG,261,100.5,418eam3L_S171_L001_R1_001.fastq,418eam3L_S171_L001_R2_001.fastq,,
418,Early ♂,3R,K,3RK_0_CG17360,7609417,7609723,44,418eam3R,82, TATGCAACTC,CCGATAGTAG,261,49,418eam3R_S172_L001_R1_001.fastq,418eam3R_S172_L001_R2_001.fastq,,
192,Late ♂,2L,t,2Lt_0_Tengl2,2238742,2238967,13,192lam2L,38, CATTGCTGTT,TATGGCAAGC,275,139.7,192lam2L_S85_L002_R1_001.fastq,192lam2L_S85_L002_R2_001.fastq,,
192,Late ♂,2R,NS,2RNS_0_Stacl,11352014,11352305,101,192lam2R,39, GCAACACGGA,ACTCCGAAGC,275,57,192lam2R_S86_L002_R1_001.fastq,192lam2R_S86_L002_R2_001.fastq,,
192,Late ♂,3L,Ok,3LOk_0_CG9004,2375229,2375544,15,192lam3L,41, AATAGCTGTG,AGTTCAGGCG,275,103.6,192lam3L_S87_L002_R1_001.fastq,192lam3L_S87_L002_R2_001.fastq,,
192,Late ♂,3R,K,3RK_0_CG17360,7609417,7609723,16,192lam3R,42, GAACACTATC,CGCCAAGGTA,275,14.7,192lam3R_S88_L002_R1_001.fastq,192lam3R_S88_L002_R2_001.fastq,,
251,Late ♂,2L,t,2Lt_0_Tengl2,2238742,2238967,61,251lam2L,117, CTCTAGCCTA,CACGAGTGTC,223,96.4,251lam2L_S144_L001_R1_001.fastq,251lam2L_S144_L001_R2_001.fastq,,
251,Late ♂,2R,NS,2RNS_0_Stacl,11352014,11352305,62,251lam2R,118, GTAGAAGCAT,CGGAGACTAT,223,68.2,251lam2R_S145_L001_R1_001.fastq,251lam2R_S145_L001_R2_001.fastq,,
251,Late ♂,3L,Ok,3LOk_0_CG9004,2375229,2375544,63,251lam3L,119, CACCAGCACA,AAGGTGTTAG,223,41.9,251lam3L_S146_L001_R1_001.fastq,251lam3L_S146_L001_R2_001.fastq,,
251,Late ♂,3R,K,3RK_0_CG17360,7609417,7609723,64,251lam3R,120, ATCTTGCGGC,GCGATGGAAG,223,34.2,251lam3R_S147_L001_R1_001.fastq,251lam3R_S147_L001_R2_001.fastq,,
254,Late ♂,2L,t,2Lt_0_Tengl2,2238742,2238967,105,254lam2L,63, TGCTGAACGC,CTCCGCCATA,567,80.7,CTCCGCCATA-TGCTGAACGC_S2_L001_R1_001.fastq,CTCCGCCATA-TGCTGAACGC_S2_L001_R2_001.fastq,254lam2L_S107_L002_R1_001.fastq,254lam2L_S107_L002_R2_001.fastq
254,Late ♂,2R,NS,2RNS_0_Stacl,11352014,11352305,106,254lam2R,64, CTTCCTAGGC,TGACACGATT,567,31.9,254lam2R_S108_L002_R1_001.fastq,254lam2R_S108_L002_R2_001.fastq,TGACACGATT-CTTCCTAGGC_S3_L001_R1_001.fastq,TGACACGATT-CTTCCTAGGC_S3_L001_R2_001.fastq
254,Late ♂,3L,Ok,3LOk_0_CG9004,2375229,2375544,107,254lam3L,65, CGTTGGTAAC,GTGCTCTAGG,567,5,254lam3L_S109_L002_R1_001.fastq,254lam3L_S109_L002_R2_001.fastq,GTGCTCTAGG-CGTTGGTAAC_S4_L001_R1_001.fastq,GTGCTCTAGG-CGTTGGTAAC_S4_L001_R2_001.fastq
254,Late ♂,3R,K,3RK_0_CG17360,7609417,7609723,108,254lam3R,68, CTTCTCCAGC,CACTTACGGC,567,13.2,254lam3R_S110_L002_R1_001.fastq,254lam3R_S110_L002_R2_001.fastq,,
418,Late ♂,2L,t,2Lt_0_Tengl2,2238742,2238967,102,418lam2L,83, ATGCTAGTGT,GTGTCTACAG,475,138.9,418lam2L_S119_L002_R1_001.fastq,418lam2L_S119_L002_R2_001.fastq,,
418,Late ♂,2R,NS,2RNS_0_Stacl,11352014,11352305,103,418lam2R,84, CCATTAGAAC,GTACAGACCG,475,64.1,418lam2R_S120_L002_R1_001.fastq,418lam2R_S120_L002_R2_001.fastq,,
418,Late ♂,3L,Ok,3LOk_0_CG9004,2375229,2375544,47,418lam3L,85, AACGTGAACG,GCCAACAGAC,475,15.6,418lam3L_S174_L001_R1_001.fastq,418lam3L_S174_L001_R2_001.fastq,,
418,Late ♂,3R,K,3RK_0_CG17360,7609417,7609723,136,418lam3R,88, GTGCCTCTGA,TATGCGTAGC,475,19.7,418lam3R_S121_L002_R1_001.fastq,418lam3R_S121_L002_R2_001.fastq,,